36	S	敵
5	S	実行
10	S	資金
39	S	単体
41	S	自分
47	S	味方
50	S	威力
53	S	全体
56	T	2体
59	S	必中
140	S	投入
338	T	1日
388	S	咦？
432	S	個人
476	S	凍結
561	S	活動
659	S	あと
676	S	使用
753	S	背景
767	S	七彩
795	S	める
836	S	白奈
952	S	一閃
1050	S	気絶
55	T	4行動
62	S	横一列
98	S	世界観
176	S	交換所
254	S	ロール
555	T	60分
563	S	活動中
725	S	輝く光
749	S	キャラ
750	S	立ち絵
752	S	スチル
757	S	未所持
817	S	ちゆる
876	S	ＬＯＣ
3	T	あと3回
40	S	消費AP
45	S	消費PP
58	S	防御貫通
94	T	購入×0
95	S	最大購入
107	S	戦術演習
113	S	放置機能
163	S	定期交換
209	S	フレーム
277	S	指揮官​
406	T	編成1​
421	S	探索終了
423	S	一時中断
445	T	1章1節
462	S	キンタ​
466	S	ハルキ​
468	S	四季漢​
552	S	一括受取
553	S	一括活動
554	S	活動時間
559	S	残り時間
562	S	一括配置
572	S	全体報酬
715	S	たたかう
727	S	招かれる
755	S	設定不可
846	S	受取可能
847	S	---分
951	S	気絶無効
1019	T	HP＋8
1049	S	捲土重来
1	S	リズム天国
24	S	巨大な毒翼
79	T	編成数：1
109	S	学園総力戦
155	S	ショップへ
161	T	10回募集
207	S	マンスリー
214	S	ガン見禁止
231	S	プロローグ
262	S	食いしばり
276	T	残り1行動
321	S	啊哈哈……
477	S	ノクターン
652	S	資金獲得量
754	S	EXスキル
873	S	くちばらみ
882	S	しうんさや
942	S	旱天の慈雨
947	S	ハーベスト
1022	T	防御力＋6
9	S	指揮官経験値
17	S	ブーストギア
26	S	リスクを取る
35	S	消費ポイント
49	T	発動上限1回
67	S	同時発動制限
91	S	夏のせいです
108	S	公式MG競技
111	S	複合戦術演習
165	T	残り:4/4
191	S	交換制限なし
275	T	残り1ヒット
312	S	和印象差挺多
324	S	エピソードへ
387	S	不是那样……
426	S	ライフシード
429	S	強化素材不足
441	S	フレンド申請
475	S	凍てつく咆哮
655	S	時短受取回数
861	S	酸性の沼<CR><LF>
875	S	いこまあおい
921	T	あと12時間
932	S	アーマー分解
935	S	ライフエクス
940	S	回復量アップ
1020	T	攻撃力＋16
1052	S	レベルリンク
1061	S	携帯ゲーム機
44	S	パッシブスキル
89	S	ダメージリンク
153	S	ENアタッカー
192	S	カスタムギアⅠ
193	S	カスタムギアⅡ
194	S	カスタムギアⅢ
272	S	あっかんべー♡
311	S	那真的很了不起
424	S	エナジーバリア
716	S	急いで逃げ去る
751	S	アニメーション
864	S	すぐに脱出する
877	S	しえなくらーく
880	S	ゆりあばーんず
881	S	りゅうすいらん
883	S	ふぃーどれーぜ
884	S	あにすべねっと
946	S	柊校舎の優等生
950	S	規律遵守の精神
954	S	ブレイブリフト
1060	S	可愛いハンカチ
27	S	この場を立ち去る
34	S	エクストラスキル
38	S	アクティブスキル
114	S	スマートデバイス
166	T	残り 8日3時間
202	T	P-1グランプリ
232	S	今、いきます…！
418	S	チェインリリーフ
481	S	フラッシュセール
938	S	テンションアップ
939	S	イグニスファング
106	S	バトルシミュレート
110	T	P-1 グランプリ
112	S	ザルトゥーム総力戦
143	S	テクニカルレポート
160	S	スタンダードガチャ
164	S	サブスクリプション
264	S	クライシスドライブ
335	S	便当要选什么菜呢？
364	T	あと13時間58分
394	S	啊，真是气死我了！
425	S	リブートラッピング
485	S	特商法/資金決済法
631	T	VIPランク1まで
683	S	キャラコンテナ使用
863	S	タツミヤ鉱石を拾う
953	S	ファーストファング
90	S	苦手なのはそこだね！
186	S	ブーストカートリッジ
261	S	まだ終わんないけど？
390	S	话说，没有盟友吗！？
420	S	レイディアントシフト
660	S	新人指揮官応援パック
678	S	アイテムコンテナ使用
782	S	……大家一起学习会。
852	S	ダブルアイスクリーム
853	S	タピオカミルクティー
872	S	キャラクターポータル
878	S	りでぃあえるどりっじ
142	S	エネルギーカートリッジ
144	T	メモリーを3つ獲得する
190	S	サークルガチャチケット
215	S	よろしくお願いします​
297	S	理解って何をだよ…！？
395	S	唉……糟了，太缺钱了。
470	S	アブノーマル・ポイント
665	T	残り13時間17分1秒
735	S	フラッシュリレーセール
941	S	腹が減っては戦ができぬ
987	S	シャイスキルレポートⅡ
203	S	SSR確定ガチャチケット
346	S	事前登録：全体ガチャ報酬
654	S	テクニカルレポート獲得量
684	T	消費数: 50 / 93
713	S	踏みつけたメイズシフター
934	T	交換期間あと6日18時間
988	S	スマートスキルレポートⅡ
145	S	いずれかの称号をセットする
148	T	サークルガチャを10回引く
179	S	シャイアップグレードキット
343	S	物理タイプモジュール設計書
345	S	事前登録：登録ユーザー報酬
347	S	事前登録：Xフォロワー報酬
419	S	スケープゴート・スラッシュ
653	S	トレーニングレポート獲得量
913	S	生徒のスキルを強化しよう！
991	S	アイテムを選択してください
80	T	タツミヤ鉱の獲得量が5%UP
147	T	テクニカルレポート（1時間）
162	T	商品更新まで：残り3日3時間
178	S	スマートアップグレードキット
307	S	＠Rami_K<CR><LF>欸嘿嘿……
320	S	＠Rami_K<CR><LF>好过分！？
334	S	那么，明天中午我也很期待哦。
677	S	以下のアイテムが手に入ります
718	S	確か仕様演出だったと思います
732	T	残り時間：あと1日0時間0分
986	S	アグレッシブスキルレポートⅡ
52	S	Time to relax～♪
199	T	商品更新まで：残り3時間56分
234	S	ここは私から攻撃を仕掛けます！
377	S	＠Chiyuru_T\\n同伴。
547	S	【課外活動】が解放されました！
177	S	アグレッシブアップグレードキット
399	S	【メイズ探索】が解放されました！
478	T	残り時間：あと23時間59分6秒
587	S	次にタイプボタンを押して下さい！
615	T	同属性カード必要数<CR><LF>50＋50
670	S	期間限定メモリー「最大の幸運は」
1030	T	総合シミュレート STAGE16
82	T	編成しているキャラクターのAP+1
86	T	編成しているキャラクターのPP+1
293	S	生徒詳細の解放条件を満たしました！
543	S	課外活動の解放条件を満たしました！
548	S	メモリーの解放条件を満たしました！
550	S	イベントの解放条件を満たしました！
697	S	【メモリー編成】が解放されました！
780	S	＠Meru_M\\n我过去帮忙如何？
250	S	私が後衛ですか！？わ、わかりました！
150	T	サークル交換所でアイテムを5回購入する
582	S	まずは属性のボタンを押してみて下さい！
657	T	2026年09月29日 04:59まで
687	S	以下のアイテムがランダムで手に入ります
708	S	それじゃあ張り切っていってみましょう♪
288	T	5回<size=30>募集</size>
310	S	现在也还在训练，<CR><LF>所以对体力也有自信！
616	S	同属性のスタイルカードを選択してください
627	S	そのほか、トレーニングレポートの獲得量！
149	T	いずれかの属性の学園レベルの強化を5回行う
237	S	めるさん！MGから降りるのは危険ですわ…！
304	S	Momozono Meruのシナリオ解放！
316	S	啊——确实懂。<CR><LF>梅露有时会完全没反应呢。
351	S	ウィッシュリストの解放条件を満たしました！
362	S	シャイ属性のキャラクターを選択してください
379	S	＠Chiyuru_T\\n我必须做追加课题。
386	S	＠Shirona_I\\n不觉得很过分吗！？
482	S	今だけ購入できるお得な商品を用意しました！
596	S	次にロール（役割）のボタンを押して下さい！
609	S	それでは最後にポジション適性についてです！
1029	T	総合シミュレートSTAGE50クリアで解放
146	T	いずれかのタイプの学園レベルの強化を5回行う
211	S	スマート属性のキャラクターを選択してください
318	S	＠Chiyuru_T<CR><LF>咦，助、助手吗……？
348	T	いずれかのキャラクターにプレゼントを5回贈る
356	S	コミカル属性のキャラクターを選択してください
360	S	キュート属性のキャラクターを選択してください
385	S	所以会长让我写了好几份\\n检讨书和申请书呢！
391	S	＠Chiyuru_T\\n……那是千佑瑠不好。
612	S	<size=100>前衛/後衛</size>
924	S	【メインクエストHARD】が解放されました！
235	S	よしっ…耐えられました！次の攻撃で倒れて……！
383	S	那么，千佑瑠有什么事？\\n我听说是同好会活动。
443	S	ユーザーが設定したお気に入りのキャラクターです
702	S	これがマスターとみんなの思い出のちから……！！
760	S	一条白奈[ミステリアスガール]のスタイルカード
784	S	嗯，那真不错呢。\\n就在梅露同学的房间集合吧。
69	T	ランダムな敵単体に威力20で5ヒットEN攻撃する
208	S	为什么偏偏这种时候有事呢～\\n我们也想一起玩啊。
294	T	Part 1「Unseen Starlight」
298	S	いいからいいから～！！きっと仲良くなれますよ！！
358	S	アグレッシブ属性のキャラクターを選択してください
483	S	スタンダードガチャチケットがおまけで付いてくる！
546	S	メインクエストHARDの解放条件を満たしました！
698	S	それじゃあ早速メモリーをセットしていきましょう！
284	S	生徒会長がお待ちです。失礼のない様にして下さいね。
392	S	＠Aoi_I\\n呜哇！？突然插进来\\n会吓到人的！
771	S	<line-height=2.000em>七彩……
982	S	ハリエット・ミルズ[毒舌メイド娘]のスタイルカード
1009	S	限界突破に使用するスタイルカードを選択してください
613	S	前後列のどちらに配置しても<CR><LF>ステータスの変動がない
656	T	<color=#0096ff>+0回</color>
685	S	月ヶ瀬ちゆる[紙一重なメイズオタク]のスタイルカード
781	S	＠Shirona_I\\n哦，感觉挺有意思，我也去吧？
839	S	<line-height=2.000em>そうだな。
967	S	以下のアイテムを使用してアクティブスキルを強化します
973	S	以下のアイテムを使用してエクストラスキルを強化します
299	S	ここでプレゼントをあげることで親愛度を深められますよ！
779	S	那、那个……我有课题要做，想请人帮忙，有谁能来帮我吗？
306	S	说起来，梅露运动神经很好呢。<CR><LF>救那家伙的时候也很敏捷。
330	S	我希望你能永远……<CR><LF>那个，不要厌倦，一直吃我的便当……
380	S	哦，白奈酱偶尔会做追加课题呢。\\n果然是因为很受期待吗？
384	S	＠Shirona_I\\n哎呀，我又把社团活动室炸掉了嘛。
658	S	ピコピコーン！<CR><LF>マスター！目の付けどころが違いますね！
221	T	<color=#0096ff>ワールド01</color>
303	S	MAXを選択して、親愛度を上げられるだけ上げてみましょう！
319	S	＠Chiyuru_T<CR><LF>喂！别把梅露<CR><LF>拉进怪人的道路啊！
801	S	<line-height=2.000em>え、あ……おう？
922	T	Part 2「The Girls Before Dawn」
141	T	1st ANIV.7DAYSミッションポイントを25獲得する
274	S	<size=40>朽葉ラミ</size>負けず嫌いな不屈少女
308	S	真的很意外呢。梅露酱乍看之下，<CR><LF>给人一种不擅长运动的印象。
336	S	Sirius Sugar所属<CR><LF>すきなものは、Cooking
762	T	未設定 <color=#ff1c0b>0</color>/3
833	S	<line-height=2.000em>そっか、よかった。
213	S	設定されたキャラクターはランキングなど特定の画面で表示されます
226	S	<color=#0096ff>作成済みワールド</color>
236	S	ああ、さっきの人が倒れて……！　一度降りて、様子を見て来ます！
322	S	生徒から呼ばれているみたいなので、さっそく行ってみましょう！！
365	T	177234551 新しく作ったサークルです！誰でも歓迎です♪
378	S	＠Shirona_I\\n咦？白奈酱也有事？\\n你那边是什么事？
835	S	<line-height=2.000em>行きたいところある？
273	S	<size=40>桃園める</size>ドジで純粋な未来のエース
287	S	さっそくですが、シリウスシュガーのみなさんを迎えにいきましょう！
581	S	そこら辺考えると限定より常設からキャラ収集した方が好都合っぽそう
120	S	<sprite name=sentence_blue>敗戦について
309	S	＠Chiyuru_T<CR><LF>我以前打羽毛球时，<CR><LF>还参加过大型比赛哦！
333	S	诶嘿嘿……最近午休时间总是独占着你，<CR><LF>对其他人有点过意不去呢……
696	S	ピコピコピーン！<CR><LF>マスター！メモリースロットが解放されましたよ！
233	S	大丈夫ですか！？<CR><LF>……聞こえてないみたい。ここは私が撃退しないと！
325	S	<line-height=2.000em>Hum hum hum～♪
352	S	ウィッシュリストは、ガチャから排出される生徒を絞ることができますよ！
584	S	<color=#6a8181>MAIN:</color>アグレッシブ
666	S	それでは楽しいお買い物ライフをお過ごしください！<CR><LF>ピコピコーン！！
800	S	<line-height=2.000em>いえ、やりましょう！！！！
248	S	みなさん気を付けて下さい！<CR><LF>メイズシフターの大群が接近しています！！
154	S	<color=#ff1c0b>有償ジェムが不足しています</color>
620	S	ガチャの三択って意味ありますか？右を選ぶと体感いい結果が多い気がしてます
100	S	<sprite name=sentence_blue>デイリー報酬について
127	S	<sprite name=sentence_blue>重要な選択肢について
339	S	ピコピコーン！<CR><LF>マスターの成長のためにピコから簡単な目標を設定しました！
393	S	……别每次在图书馆看到我就过来搭话啊。尤其是梅露和白奈，还特地来找我说话。
819	S	<line-height=2.000em>えっ！？　ほんとに言ってるの！？
834	S	<line-height=2.000em>じゃあ、どこか寄り道でもするか。
4	T	120分の報酬を即時獲得できます<CR><LF>ジェムを使用して時短受取を実行しますか？
102	S	<sprite name=sentence_blue>チューンナップについて
305	S	マスター！Tweetyに更新があったようですよ！！<CR><LF>確認してみましょう！！
785	S	＠Nanairo_N\\n拉米是不是很自然地被算进去了？\\n……算了，我会去。
815	S	<line-height=2.000em>はあ！？　なんでそうなるんだよ！？
104	S	<sprite name=sentence_blue>デイリー交換上限について
184	S	シャイアップグレードキット<space=1.5em>シャイアップグレードキット
195	S	敏捷タイプモジュール設計書<space=1.5em>敏捷タイプモジュール設計書
196	S	ENタイプモジュール設計書<space=1.5em>ENタイプモジュール設計書
198	S	物理タイプモジュール設計書<space=1.5em>物理タイプモジュール設計書
300	S	みんな大好きな「ギフトカード」をあげちゃいます！<CR><LF>プレゼントしてみましょう！
580	S	キャラクターはそれぞれ属性を持っており、<CR><LF>属性によって有利不利が存在します！
783	S	＠Shirona_I\\n啊，是呢！Sirius Sugar大家一起开学习会吧！
788	S	<line-height=2.000em>個人練習か？　めるは頑張ってるなぁ。
809	S	<line-height=2.000em>ちゆる、こんなところでどうしたんだ？
326	S	<line-height=2.000em>Hum hum hum～ humm～♪
566	T	参加率: <size=40>70</size><size=32>%</size>
811	S	<line-height=2.000em>難しい顔をしてたけど、なにか悩み事か？
825	S	<line-height=2.000em>いてて！　すまん！　俺が悪かった……！
830	S	<line-height=2.000em>……それで、俺と待ち合わせた理由って？
832	S	<line-height=2.000em>白奈……<CR><LF>いや、全然ダメじゃないぞ。
837	S	<line-height=2.000em>特に観たいのがあるわけじゃないけどな。
928	S	<line-height=2.000em>Y-YES～～～～ SIR～～～～!!
122	S	<sprite name=sentence_blue>難易度ENDLESSについて
128	T	【メイズ内限定】物理タイプの味方の防御力がレベル×1%上昇した状態でスタートする。
131	T	【メイズ内限定】物理タイプの味方の攻撃力がレベル×1%上昇した状態でスタートする。
132	T	【メイズ内限定】ENタイプの味方の防御力がレベル×1%上昇した状態でスタートする。
134	T	【メイズ内限定】ENタイプの味方の攻撃力がレベル×1%上昇した状態でスタートする。
136	T	【メイズ内限定】敏捷タイプの味方の防御力がレベル×1%上昇した状態でスタートする。
139	T	【メイズ内限定】敏捷タイプの味方の攻撃力がレベル×1%上昇した状態でスタートする。
180	S	キュートアップグレードキット<space=1.5em>キュートアップグレードキット
181	S	コミカルアップグレードキット<space=1.5em>コミカルアップグレードキット
183	S	スマートアップグレードキット<space=1.5em>スマートアップグレードキット
185	S	クレバーアップグレードキット<space=1.5em>クレバーアップグレードキット
286	S	改めてよろしくお願いします！！<CR><LF>超高性能AIのピコがお世話させていただきます！！
703	S	しみじみとマスターのおチカラ感じました！<CR><LF>ぼくとの思い出も記憶して下さいね…！？
770	S	<line-height=2.000em>わたくしには至らぬ点が多すぎますから……
805	T	<size=40>親愛度 Lv.</size> <size=75>1</size>
64	T	自身に最も近い敵と隣接する2体に対して威力52.5で攻撃し、対象のEXゲージを1削る
130	T	【メイズ内限定】物理タイプの味方の行動速度がレベル×1%上昇した状態でスタートする。
133	T	【メイズ内限定】ENタイプの味方の会心率がレベル×0.1上昇した状態でスタートする。
135	T	【メイズ内限定】ENタイプの味方の行動速度がレベル×1%上昇した状態でスタートする。
137	T	【メイズ内限定】敏捷タイプの味方の会心率がレベル×0.1上昇した状態でスタートする。
138	T	【メイズ内限定】敏捷タイプの味方の行動速度がレベル×1%上昇した状態でスタートする。
271	S	EXゲージ（エクストラゲージ）がたまると<CR><LF>次の行動でエクストラスキルを発動します。
573	S	それではマスター！　イザナミを倒すために……<CR><LF>『天津甕星』へと挑んでいきましょう！
591	S	タイプはあくまで傾向なので、<CR><LF>実際にロールとポジション適性を確認してみましょうね！
768	S	<line-height=2.000em>もちろんそれは、分かっているつもりですわ。
786	S	<line-height=2.000em>ふう……あとちょっとだけ、頑張ろうかな……
793	S	<line-height=2.000em>何か違うトレーニングもしてみたらどうかな。
813	S	<line-height=2.000em>ほう、そいつは興味があるな。見せてくれよ。
829	S	<line-height=2.000em>うん。でもそこまで待ってないから、大丈夫。
129	T	【メイズ内限定】物理タイプの味方の会心率がレベル×0.1%上昇した状態でスタートする。
171	S	スペシャルライセンス【シャイ】<space=1.5em>スペシャルライセンス【シャイ】
173	S	物理タイプアップグレードキット<space=1.5em>物理タイプアップグレードキット
174	S	ENタイプアップグレードキット<space=1.5em>ENタイプアップグレードキット
175	S	敏捷タイプアップグレードキット<space=1.5em>敏捷タイプアップグレードキット
187	T	テクニカルレポート（12時間）<space=1.5em>テクニカルレポート（12時間）
332	S	然后……如果可以的话，明天中午要不要一起吃呢？<CR><LF>听说天气放晴了，务必在校园的中庭……
337	S	それじゃあ二人の仲も深まったという事で<CR><LF>ホームに戻って準備が出来たら出撃しましょう♪
342	S	クリアしていないミッションがあれば<CR><LF>挑戦ボタンからミッションを進めていって下さいね！
125	S	<sprite name=sentence_blue>クエストクリアでの成長要素について
314	S	＠T_Commander<CR><LF>谢谢！<CR><LF>虽然自己说有点那个，<CR><LF>但我很擅长专心面对一件事！
350	S	ピコーン！！マスター！！<CR><LF>ウィッシュリストが解放されましたのでさっそく見てみましょう！
586	T	キャラクターは3タイプのいずれかに分けられており<CR><LF>タイプによって傾向が分かれています！
170	S	スペシャルライセンス【スマート】<space=1.5em>スペシャルライセンス【スマート】
172	S	スペシャルライセンス【キュート】<space=1.5em>スペシャルライセンス【キュート】
182	S	アグレッシブアップグレードキット<space=1.5em>アグレッシブアップグレードキット
290	S	シリウスシュガーのみなさんと合流できましたね！<CR><LF>それじゃあ生徒会長に報告にいきましょう！
595	T	キャラクターのロールは5つのロールに分けられており<CR><LF>それぞれに役割が割り振られています！
637	S	採掘の時短受け取り回数もＶＩＰランクを上げる事で<CR><LF>回数が更にプラスされていきますからね！
700	S	メモリーの内容を確認しながら選んで下さいね♪<CR><LF>そしてお次はメイズ探索を選択してください！
706	S	生徒とのメモリーを持っていれば<CR><LF>生徒に紐づいたメモリーのセットならボクにお任せ下さい！！
993	S	<size=36>補給物資</size><CR><LF>使用すると生徒の育成素材が獲得できるアイテム。
22	S	突如として潜進機に囲まれてしまった。<CR><LF>違法ダイバーの様だ・・・<CR><LF>違法ダイバーの様だ・・・
249	S	シールド持ちはタンク役として前衛へ！<CR><LF>君は支援役として後衛へ下がって、チャンスを作るんだ！
258	S	<size=40>サポート</size><CR><LF>味方の強化や回復などを行う、支援に特化したロール
315	S	＠T_Commander<CR><LF>＠Meru_M<CR><LF>可是那时候的梅露，就算叫她，<CR><LF>她也注意不到。
328	S	喂，喂，我是桃园梅露！<CR><LF>那个……现在方便说话吗？　我在考虑明天中午要带去的<CR><LF>便当菜色……
583	S	キャラクターの属性がどの属性に有利かは<CR><LF>こちらの表を確認して、編成を組むようにして下さい！
707	S	メモリーだけ自動で設定したい場合は<CR><LF>メモリーの編成画面でおまかせ設定があるので活用下さい♪
798	S	<line-height=2.000em>で、でもそれって……つまり、密着するんですよね！？
585	S	<color=#6a8181>MAIN:</color>シャイ属性に有利、スマート属性に不利。
607	S	一気に説明しちゃいましたけど、いつでも確認出来るので<CR><LF>忘れちゃった時はまた見に来て下さいね！
773	S	<line-height=2.000em>えっ……いえ、そんな、あなたまで巻き込むつもりは……
327	S	お出かけ後に電話が鳴っていますよ？<CR><LF>あとでを選んで閉じてもまたTALKから通話できますからね！
353	T	アグレッシブ・スマート・シャイ・キュートの4属性は、4スロットずつ生徒を設定することができます！
588	S	物理タイプはアタッカーやタンクの役割が多い傾向で<CR><LF>前衛を得意とするキャラクターが多い傾向です！
600	S	サポートは味方の強化や回復を得意としているので<CR><LF>編成に合わせて必要なサポートを選びたいですね！
820	S	<line-height=2.000em>これはちゃんとした仕事だぞ？<CR><LF>ほら、早く見せてくれ。
15	S	進行方向にメイズシフターの巨大な痕跡が見つかった。異変級メイズシフターの波長も検知されている…<CR><LF>
16	S	この先道が二手に分かれている。いずれかのルートは好機がまたいずれかのルートは災難が待ち構えている…
117	T	2属性の生徒はメイン属性とサブ属性に応じた属性バトルシミュレートに編成し、挑戦することができます。
168	S	スペシャルライセンス【アグレッシブ】<space=1.5em>スペシャルライセンス【アグレッシブ】
205	T	スタイルカード選択ボックス【4属性】<space=1.5em>スタイルカード選択ボックス【4属性】
255	S	<size=40>物理アタッカー</size><CR><LF>物理攻撃を扱いダメージを出すことに特化したロール
256	S	<size=40>ENアタッカー</size><CR><LF>EN攻撃を扱いダメージを出すことに特化したロール
259	S	<size=40>コントロール</size><CR><LF>状態異常や妨害などを行う、行動阻害に特化したロール
663	S	他にもお得なパックやパスもあるのでサポートが必要な時は<CR><LF>学園内ショップでお買い物して下さいね！！
802	S	<line-height=2.000em>あれです、善は急げってやつです！　たくさん鍛えましょう！
840	S	<line-height=2.000em>そうして俺達は、シティにある映画館へと向かったのだった。
217	S	<line-height=2.000em>この画面で文字の表示速度、背景の不透明度を確認して下さい。
257	S	<size=40>タンク</size><CR><LF>高い耐久力で攻撃を引き受け、味方を守ることに特化したロール
541	T	メイズ200余裕持って来れたんで201行ったら即全滅…もしかして200までチュートリアルですか(絶望
729	T	光は強さを増して消えて行った。レリックを<color=#ff701a>2つ</color>獲得した。
936	T	眠れる生命波が目覚める、獲得時最大HPを<color=#ff701a>+14%</color>する。
628	S	それと、テクニカルレポートの獲得量！<CR><LF>キャラクターの成長に欠かせないアイテムの獲得効率がUPします！
772	S	<line-height=2.000em>よし。じゃあ今日は七彩が納得するまで<CR><LF>とことん付き合うよ。
776	S	<line-height=2.000em><noparse>Dreamer</noparse>さん……
25	S	メイズシフターの巨大な毒翼が落ちている。翼の下にはタツミヤ鉱の光が見えるが、回収するにはリスクが必要だ。
270	S	全員のAP（アクティブポイント）が無くなると<CR><LF>ターンが終了し、AP・PPを回復し次のターンへ移行します
331	S	啊……对了！　蛋包饭怎么样？<CR><LF>说起来，还没做过呢。我对这个还挺有自信的哦。<CR><LF>我也做同样的菜色带去吧。
680	T	<size=36>資金（1時間）</size><CR><LF>使用すると採掘（1時間分）の資金が獲得できるアイテム。
72	T	ターン開始時に発動。1ターンの間、自身のスキル威力を2.5上昇させる。このスキルは1ターン目には発動しない
204	T	スタイルカード選択ボックス【特殊2属性】<space=1.5em>スタイルカード選択ボックス【特殊2属性】
230	S	意識が遠のいた後、目が覚めると見知らぬ空間にいた。<CR><LF>ここはどこだ…ここにいても仕方ない。ひとまず進もう…
301	S	ピコに「おまかせ」してくれれば、生徒の好きなものを優先的に選び、親愛度を１段階上昇するように選択します！！
329	S	有什么想吃的吗？　之前做了意大利面，<CR><LF>汉堡肉和饺子的频率也挺高的。<CR><LF>一直吃同样的东西，果然会腻的嘛……
608	S	キャラクターによっては不得意なポジションがあるので<CR><LF>編成で配置を決めるときは少し気を付けてあげて下さい！
629	S	毎日のログインボーナスで見逃してしまった！<CR><LF>と、なっても安心の見逃し補填受け取り回数アップもありますよ！
823	S	<line-height=2.000em>……すまん、冗談だ。<CR><LF>まさかそんな本気で焦るとは思わなくてな。
18	T	起動粒子が舞い加速、戦闘開始時味方全体の速度<color=#ff701a>10%アップ</color>する。
769	S	<line-height=2.000em>……それでもこうして動いていないと、<CR><LF>不安になってしまうのです。
777	S	<line-height=2.000em>ふふ、でしたら、お願いします。<CR><LF>あなたのお時間をいただきますわ。
838	S	<line-height=2.000em>……じゃあ、行ってから選べばいい。<CR><LF>そういうのも、きっと楽しい。
389	S	＠Chiyuru_T\\n你的爆炸造成的损失，我们也一直在善后。\\n只用写检讨书就能了事，\\n你该感谢会长才对。
589	S	ENタイプはENアタッカーやサポート、コントロールの役割が多く<CR><LF>後衛を得意とするキャラクターが多い傾向です！
601	S	コントロールは変わって敵に状態異常や妨害などを行います！<CR><LF>火力だけで突破が難しいテクニカルな場面に最適です！
641	S	それではマスターのお買い物がより快適になりますように！<CR><LF>何かお困りごとがあれば、ボクをお呼び出し下さいね！！
948	T	物質の芽吹きが形を取る、休憩時レリックをランダムに<color=#ff701a>1つ</color>獲得する。
296	S	ピコピコピーン！！<CR><LF>ピコは全て理解しました！マスターの気に入った生徒と仲を深めにいきましょう！今ならいけます！
626	S	採掘で得られる資金の獲得量がアップしていきます！<CR><LF>毎日獲得できる放置報酬なので塵も積もればなんとやら！です！！
810	S	<line-height=2.000em>あ、<noparse>Dreamer</noparse>！ やっほー♪
295	S	シリウスシュガーのみなさんとこれから出撃するわけですが<CR><LF>一緒に苦楽を共にする仲間との親愛度をさきに深めましょう！
638	T	ウィークリー特典は毎週月曜日5時にリセットされますので<CR><LF>お受け取り忘れない様にしっかり受け取っておいて下さいね！
686	S	<size=36>ランダムプレゼントボックス</size><CR><LF>使用するとランダムにプレゼントアイテムが獲得できる。
814	S	<line-height=2.000em>え～？　<noparse>Dreamer</noparse>のエッチ～♪
826	S	<line-height=2.000em>ちゆるは頬を膨らませたまま、<CR><LF>無抵抗の俺をしばしポカポカ叩くのだった。
927	S	You... jerk～! I am definitely gonna make you cry later～!!
247	S	<line-height=2.000em>Che, fine～ Well then, see you later～♪
726	S	突如として横道から光りがあふれ出している。この暖かな光に安心感を抱いている我々はどうやら何かに招かれているようだ<CR><LF>
2	S	<sprite name=wing_blue_left>採掘<sprite name=wing_blue_right>
597	S	物理アタッカーは物理攻撃でダメージを出す事を得意としてます！<CR><LF>攻撃は最大の防御といいますし、積極的に編成しましょう！
661	S	学園内のショップにはいろんなお助けアイテムがありますが<CR><LF>指揮官として頑張るマスターに生徒会から支援が届いてますよ！！
664	S	生徒会がVIP会員制度を導入したみたいで、<CR><LF>購入すると色んなサポートが受けられるのでよかったら確認してみて下さいね♪
699	S	メモリーをセットしているだけで、<CR><LF><color=#0096ff>バトル中で様々な効果を発揮</color>します！！
765	S	<line-height=2.000em>授業が終わっても、<CR><LF>ひとり体力トレーニングを続ける七彩を見かけたのだった。
792	S	<line-height=2.000em>そうか。でも同じメニューばかり繰り返していると<CR><LF>飽きてしまうんじゃないか？
799	S	<line-height=2.000em>あ、そうなるな……ごめん、そこまで意識がいってなかった。<CR><LF>やっぱりやめ――
808	S	<line-height=2.000em>放課後の教室を覗くと、<CR><LF>パイロットスーツ姿のちゆるが端末をじっと見ていた。
354	T	コミカル・クレバーの2属性は、1スロットずつ生徒を設定することができます！<CR><LF>狙いの生徒を積極的に設定していきましょう！
396	S	……はぁ、退屈～。最近金欠だし、暇つぶしの材料も買えないの、マジだる……なんで世の中、何をするにも金ばっかかかるのよ……
624	S	ピコピコーン！VIPランクが気になっちゃいましたか！？<CR><LF>VIPランクでは、ランクに応じた特典や報酬などが獲得できます！
704	S	それじゃあ決定ボタンを押してください！<CR><LF>メモリーは最大６つまでセット出来るので、思い出をかみしめてセットしてください♪
794	S	<line-height=2.000em>なるほど……確かにいいですね！<CR><LF>どんなトレーニングをしたらいいと思いますか？
804	S	<line-height=2.000em>急に格段とやる気を増しためるに、<CR><LF>このあと夕暮れまで付き合わされるのだった。
984	S	<size=36>スキルレポートⅡ詰め合わせセット</size><CR><LF>使用すると各種スキルレポートⅡを獲得できるアイテム。
985	S	<size=36>スキルレポートⅠ詰め合わせセット</size><CR><LF>使用すると各種スキルレポートⅠを獲得できるアイテム。
218	S	<sprite name=wing_blue_left>メニュー<sprite name=wing_blue_right>
263	S	行動順が回ってくると、そのキャラクターの<CR><LF><color=#ff1c0b>「アクティブスキル」</color>が発動します
367	T	カオスメイデン生徒たちの親愛度を合計で45上げる<space=1.5em>カオスメイデン生徒たちの親愛度を合計で45上げる
404	S	<sprite name=wing_blue_left>編成一覧<sprite name=wing_blue_right>
551	S	<sprite name=wing_blue_left>課外活動<sprite name=wing_blue_right>
568	S	ピコピコーン！　マスター！　準備はできていますか！？<CR><LF>イザナミを『倒す』ために、『八咫烏』本体を叩きたいところですが……
592	S	<size=40>物理タイプ</size><CR><LF>物理アタッカーやタンクの役割が多く<CR><LF>前衛に適したポジション適性を持つ傾向。
790	S	<line-height=2.000em>身体能力は元から高い方だと思うし、<CR><LF>足を引っ張るってことはない気がするけど……
791	S	<line-height=2.000em>だとしても、誰かの助けになれるかも知れないと思うと、<CR><LF>手は抜きたくないんです。
156	S	<sprite name=wing_blue_left>ガチャ説明<sprite name=wing_blue_right>
159	S	<sprite name=wing_blue_left>ガチャ履歴<sprite name=wing_blue_right>
239	S	<line-height=2.000em>Nn～? What are you guys doing over there～?
260	S	<color=#fa3c8c>ー戦闘の流れについてー</color><CR><LF>戦闘内での行動順はキャラクターの行動速度で決まります
279	S	<sprite name=wing_blue_left>名前の入力<sprite name=wing_blue_right>
317	S	＠Rami_K<CR><LF>＠Meru_M<CR><LF>这是研究者里也会有的类型呢。<CR><LF>一集中就看不见周围的类型。<CR><LF>怎么样？要不要当我的助手？
569	S	まずはマスドライバーを襲撃する『天津甕星』の攻撃を防ぐことからです！<CR><LF>どの『天津甕星』を狙うかはマスターにお任せしますね！
636	T	Amount of Funds Obtained from Mining<color=#0096ff>+0％</color>
639	S	お買い物すれば永続的にマスターのサポートが手厚くなりますが<CR><LF>ここはあくまでお買い物したプラスαの特典だと思って下さいね！！
649	S	<sprite name=wing_blue_left>キャラ変更<sprite name=wing_blue_right>
968	S	<sprite name=wing_blue_left>スキル強化<sprite name=wing_blue_right>
220	S	<sprite name=wing_blue_left>ワールド選択<sprite name=wing_blue_right>
440	S	<sprite name=wing_blue_left>プロフィール<sprite name=wing_blue_right>
557	S	<sprite name=wing_blue_left>課外一括活動<sprite name=wing_blue_right>
625	S	VIPランクはショップでお買い物する事であがっていきます！<CR><LF>主な特典はこちらになります！それぞれをボクが説明していきますね！
633	T	Login Bonus Missed Compensation Count<color=#0096ff>+0回</color>
651	S	<sprite name=wing_blue_left>ボーナス効果<sprite name=wing_blue_right>
682	S	以下のキャラがランダムで手に入ります　<size=30>※既に所持しているキャラは限界突破アイテムに変換されます</size>
787	S	<line-height=2.000em>ふらっと校舎内と散策していると、<CR><LF>ひとりグラウンドで頑張る少女――めるを見つけた。
990	S	<size=36>スキルレポートⅡ選択ボックス</size><CR><LF>使用すると好きなスキルレポートⅡを選択して獲得できるアイテム。
992	S	<size=36>スキルレポートⅠ選択ボックス</size><CR><LF>使用すると好きなスキルレポートⅠを選択して獲得できるアイテム。
460	S	<sprite name=wing_blue_left>クリア編成一覧<sprite name=wing_blue_right>
579	S	ピコピコピーン！！<CR><LF>すでに意識しているかもしれませんが、大切な事なので<CR><LF>属性・タイプ・ロール、そして適性について説明します！
797	S	<line-height=2.000em>ショルダープレスとかライイングレッグカールとか、<CR><LF>ふたりいればできるようになるしな。
831	S	<line-height=2.000em>用事がないと、<noparse>Dreamer</noparse>を<CR><LF>呼んじゃダメ？
33	S	<sprite name=wing_blue_left> 購入しました <sprite name=wing_blue_right>
216	S	<sprite name=wing_blue_left>マイプロフィール<sprite name=wing_blue_right>
368	T	ピクシス・マスール生徒たちの親愛度を合計で45上げる<space=1.5em>ピクシス・マスール生徒たちの親愛度を合計で45上げる
480	T	※有償ジェム以外のアイテムは、すべておまけとして付属します<CR><LF>※有償ジェムの使用期限は購入日の翌朝04:59から150日となります
714	S	おっと、何か足元がむにゅっと・・・メイズシフターがぎょろりとこちらを睨んでいる。今すぐ逃げても多少のダメージは覚悟しなければ・・・
775	S	<line-height=2.000em>むしろ七彩の頑張りを見てたら元気が出てきた。<CR><LF>この持て余すエネルギーを発散させてくれ。
821	S	<line-height=2.000em>あー、いや……そういわれても……むむむ、<CR><LF>こういう乙女の秘密を見られるっていうのは……
101	T	メイズ探索ではメイズ探索のエリア進行度に応じて毎日報酬を獲得する事が出来ます。<CR><LF>デイリー報酬のリセットは毎日5時となります。<CR><LF>　
662	S	お得パックではデイリーやウィークリー等の定期ショップがあり<CR><LF>ここでは定期的に無料で受け取れるパックもあるのでぜひ受け取って下さい！
679	T	<size=36>テクニカルレポート（1時間）</size><CR><LF>使用すると採掘（1時間分）のテクニカルレポートが獲得できるアイテム。
722	S	<sprite name=wing_blue_left>探索開始エリア選択<sprite name=wing_blue_right>
828	S	<line-height=2.000em>放課後、今日は白奈と待ち合わせしていた。<CR><LF>教室を覗くと、すでにひとりで彼女が待っている。
1008	S	<sprite name=wing_blue_left>スタイルカード選択<sprite name=wing_blue_right>
370	T	トレブルクインテット生徒たちの親愛度を合計で45上げる<space=1.5em>トレブルクインテット生徒たちの親愛度を合計で45上げる
560	S	<sprite name=wing_blue_left> 一括配置しました <sprite name=wing_blue_right>
1018	S	<sprite name=wing_blue_left>タイプ別装備リザルト<sprite name=wing_blue_right>
361	S	<sprite name=wing_blue_left>シャイウィッシュリスト<sprite name=wing_blue_right>
632	T	Time-Reduction Collection Count for Mining<color=#0096ff>+0回</color>
675	T	<size=36>トレーニングレポート（1時間）</size><CR><LF>使用すると採掘（1時間分）のトレーニングレポートが獲得できるアイテム。
774	S	<line-height=2.000em>あなただってお疲れのはずなのに、<CR><LF>わたくしの居残りにまで付き合わせるのは申し訳ないですから。
210	S	<sprite name=wing_blue_left>スマートウィッシュリスト<sprite name=wing_blue_right>
355	S	<sprite name=wing_blue_left>コミカルウィッシュリスト<sprite name=wing_blue_right>
359	S	<sprite name=wing_blue_left>キュートウィッシュリスト<sprite name=wing_blue_right>
818	S	<line-height=2.000em>……教導指揮官として、生徒のデータは全部把握しないとダメだからな。<CR><LF>というわけで、見せてくれ。
558	S	<sprite name=wing_blue_left> 課外活動を開始しました <sprite name=wing_blue_right>
766	S	<line-height=2.000em>まだやってるのか？　あまり無理しない方がいい。<CR><LF>練習した時間や回数で実力が伸びるわけじゃないぞ。
972	S	<sprite name=wing_pink_left> 必要な素材が足りません <sprite name=wing_pink_right>
70	T	ランダムな敵単体に威力85でEN攻撃し（回避不可）、対象のAPとPPを2つずつ削る。<CR><LF>生存している敵が3体未満の場合、このスキルは発動しない
96	S	<sprite name=wing_pink_left> 最大まで強化されています <sprite name=wing_pink_right>
103	S	メイズ内部で獲得したタツミヤ鉱に応じてスキル強化素材との交換やタイプ別装備の強化、その他採掘の効率UP等の様々な強化を行う事が可能です。<CR><LF>　
357	S	<sprite name=wing_blue_left>アグレッシブウィッシュリスト<sprite name=wing_blue_right>
417	S	<sprite name=wing_blue_left> 部隊を自動で編成しました <sprite name=wing_blue_right>
593	S	<size=40>ENタイプ</size><CR><LF>ENアタッカーやサポート、<CR><LF>コントロールの役割が多く<CR><LF>後衛に適したポジション適性を持つ傾向。
650	S	<sprite name=wing_blue_left> 採掘キャラを変更しました <sprite name=wing_blue_right>
705	S	ここで<color=#ff1c0b>「保存」</color>してくれればボクがメモリーも<CR><LF>一緒に状態を保存できるのでいつでも活用して下さい！
302	S	<sprite name=wing_blue_left> アイテムを自動選択しました <sprite name=wing_blue_right>
341	T	7日間のミッションをクリアする事でなんと！<CR><LF>カラフルブーケの<color=#fa3c8c>綺羅クララちゃんが仲間に加入</color>します！
717	T	逃走したが、メイズシフターの攻撃を全てよけきる事は出来なかった。<color=#00aab9>20%</color>のダメージを受けてしまった。
789	S	<line-height=2.000em>皆さんの足を引っ張るわけにはいきませんから<CR><LF>日頃から肉体トレーニングも欠かさないようにしてるんです。
796	S	<line-height=2.000em>せっかくこの場に俺もいるわけだし、マシンがないと<CR><LF>できないようなトレーニングはどうだ？　協力するぞ。
957	S	<sprite name=wing_pink_left> タツミヤ鉱が不足しています <sprite name=wing_pink_right>
989	S	<sprite name=wing_pink_left> アイテムを選択してください <sprite name=wing_pink_right>
119	S	敗戦する事によるペナルティなどはありません。<CR><LF>ポジションや編成を変える事で攻略する事が出来る場面が多々あるため、色んな編成を試行錯誤して下さい。
635	T	Amount of Training Reports Obtained from Mining<color=#0096ff>+0％</color>
761	S	<sprite name=wing_blue_left> 新しいエリアが解放されました <sprite name=wing_blue_right>
812	S	<line-height=2.000em>あ、見てたの？　別に悩み事じゃなくて、<CR><LF>このスーツで機体に乗った時のバイタルデータを見てたんだよね～♪
594	S	<size=40>敏捷タイプ</size><CR><LF>物理アタッカーやサポート、<CR><LF>コントロールの役割が多く<CR><LF>前衛／後衛どちらもポジション適性を持つ傾向。
634	T	Amount of Technical Reports Obtained from Mining<color=#0096ff>+0％</color>
46	T	自身がアクティブスキルで敵から攻撃される直前に発動。この行動内での自分の防御力を最高10%上昇させる。防御バフは自身のHPが多いほど高い効果を発揮する
349	T	<sprite name=wing_pink_left> 募集を40回実行後に解放されます <sprite name=wing_pink_right>
363	T	177234551 新しく作ったサークルです！誰でも歓迎です♪<space=1.5em>177234551 新しく作ったサークルです！誰でも歓迎です♪
598	S	ENアタッカーはEN攻撃でダメージを出す事を得意としてます！<CR><LF>物理アタッカーと前後で組み合わせて<CR><LF>火力重視の組み合わせをするのも一つの作戦です！！
66	T	（同時発動制限）自身の目の前に編成されている味方が攻撃される前に発動。攻撃してくる敵のこの行動内でのスキル威力を25%低下させ、対象に「失勢」を付与する
269	S	<color=#fa3c8c>EXゲージ（エクストラゲージ）</color>はAP・PPを消費すると<CR><LF>消費量に合わせてEXゲージが蓄積されていきます。
400	S	<line-height=2.000em>Of course it is! After all, an MG passes through here～!
590	S	敏捷タイプはENタイプと違って<CR><LF>物理アタッカー、サポートやコントロールの役割が多いのですが<CR><LF>前衛／後衛どちらも得意とするキャラクターが多い傾向です！
599	S	つづいてタンクはHPが多かったり防御が高かったりするので<CR><LF>前衛に配置して敵からの攻撃から味方を守るのが得意です！<CR><LF>編成に一人は入れておきたい存在です
764	S	選択した生徒とデートしますか？<CR><LF><size=30><color=#ff1c0b>※この生徒はこれ以上親愛度が上がりません</color></size>
1006	S	<sprite name=wing_pink_left> 限界突破アイテムを選択してください <sprite name=wing_pink_right>
229	T	<sprite name=wing_blue_left> 【ワールド05-05】を選択しました <sprite name=wing_blue_right>
577	S	そこら辺考えると限定より常設からキャラ収集した方が好都合っぽそう<space=1.5em>そこら辺考えると限定より常設からキャラ収集した方が好都合っぽそう
630	S	<size=30>商品をDMMポイントやクレジット決済で購入することで<color=#ff701a>VIPランク</color>が上がります</size>
926	S	<line-height=2.000em>You... jerk～! I am definitely gonna make you cry later～!!
816	S	<line-height=2.000em>だってあたしのスリーサイズとか生のデータがたっぷり入ってるんだよ？<CR><LF>そういうのが見たいなんて、スケベなんだから～♪
1010	S	<sprite name=wing_pink_left> 限界突破アイテムの所持数が不足しています <sprite name=wing_pink_right>
99	S	メイズ内を生徒達と探索するローグライトコンテンツです。<CR><LF>メイズ内では指揮官ランクに応じて生徒のレベルがキャップされるため、指揮官の成長も重要となります。<CR><LF>　
824	S	<line-height=2.000em>……ちょっと、<noparse>Dreamer</noparse>ってば～！<CR><LF>あたしのことをからかうなんて、酷いよ！
885	T	<sprite name=wing_pink_left> メインクエスト1章3節3-21クリアで解放 <sprite name=wing_pink_right>
267	S	<color=#0096ff>「パッシブスキル」</color>を発動すると<CR><LF><color=#0096ff>PP（パッシブポイント）</color>を消費します
323	S	<size=36>Momozono Meru<CR><LF>[Clumsy and Pure Future Ace]の<CR><LF>キャラクターエピソードが開放されました</size>
570	S	選んだ『天津甕星』と戦っている時は、他の『天津甕星』と戦えませんのでご注意を！<CR><LF>一定期間が経ってフェーズが切り替わると、他の『天津甕星』と戦えるようになりますよ！
610	T	不得意な列に配置するとステータスが少し下がってしまいます。<CR><LF>5%なのでガクッと落ちるわけではありませんが、<CR><LF>得意不得意はあるので、少し気にかけてあげて下さいね！
71	T	他の味方が敵からアクティブスキルで攻撃された後に発動。攻撃してきた敵単体に威力70でEN反撃し、1行動の間対象の与ダメージを10%減少させるデバフを付与する（重複可）
124	T	メインクエストを踏破していく事によって、採掘レベルを上げる事が出来ます。<CR><LF>5クエスト毎に採掘レベルは1レベル上がっていき、採掘効率が徐々に良くなっていきます。<CR><LF>　
265	S	<color=#ff1c0b>「アクティブスキル」</color>を発動すると<CR><LF><color=#ff1c0b>AP（アクティブポイント）</color>を消費します
611	S	これで属性・タイプ・ロール、適性については以上になります！<CR><LF>キャラクター達を上手く編成して最強の部隊を目指しましょう！<CR><LF>それではまた何かあればボクに任せて下さいね！
28	T	タツミヤ鉱を<color=#ff701a>300</color>個獲得したが、次の戦闘での<color=#00aab9>毒</color>による影響は避けられなさそうだ。
618	S	ガチャの三択って意味ありますか？右を選ぶと体感いい結果が多い気がしてます<space=1.5em>ガチャの三択って意味ありますか？右を選ぶと体感いい結果が多い気がしてます
925	S	<line-height=2.000em>Eh-? But I arrived on time-! I'm not five minutes late at all～!?
227	T	<sprite name=wing_pink_left><color=#ffffff>ワールド05</color><sprite name=wing_pink_right>
911	T	タツミヤ鉱を<color=#ff701a>300</color>個獲得したが、次の戦闘での<color=#00aab9>炎上</color>による影響は避けられなさそうだ。
280	S	<line-height=2.000em>I'll take proper care of him～ I'll even prepare three meals a day～
756	T	<sprite name=wing_pink_left> キャラクターを3回限界突破したら設定できるようになります <sprite name=wing_pink_right>
63	T	自身および最もHP割合の低い味方単体に対し、自身が1回行動を終えるまでの間1ヒットまで攻撃を回避するバフと、次に受ける攻撃の被ダメージを15%減少させる効果を付与する（重複可）
219	S	<sprite name=wing_pink_left><color=#ffffff>作成済みワールド</color><sprite name=wing_pink_right>
241	S	<line-height=2.000em>Nn～? Is that so? Well, I wouldn't mind giving you a handicap, but...
642	T	Amount of Funds Obtained from Mining<color=#0096ff>+1％</color><color=#ff701a>(+1)</color>
701	S	レアリティの高いメモリーは<color=#ff1c0b>メイズ探索でレリックと同様の効果</color>を持ちます！<CR><LF>そしてなんとレリックと違って何度でも持っていく事が出来ます♪
60	T	敵全体に対し1行動の暗闇を付与する。暗闇状態は100%の確率でスキルが命中しなくなる。<CR><LF>さらに最も「失勢」が多い敵を優先して敵単体に威力80で攻撃し、対象の攻撃力を20%低下させる
822	S	<line-height=2.000em>でも、<noparse>Dreamer</noparse>相手なら別に……やっぱりダメ！<CR><LF>これはちょっと油断してて、見せられない数値だ……！
827	S	<sprite name=wing_pink_left> このキャラクターのエピソードをすべて既読後にスキップ可能になります <sprite name=wing_pink_right>
268	S	<color=#fa3c8c>「自身がアクティブスキルで攻撃する前」</color>などの<CR><LF>特定条件に応じて<color=#0096ff>「パッシブスキル」</color>が発動します
340	S	超高性能AIがマスターをサポートするので大船に乗った気持ちでおまかせ下さい！<CR><LF>毎日の目標を達成する事で<color=#fa3c8c>育成アイテムやガチャチケットをお渡し</color>します！
1013	T	ランダムな敵単体に威力<color=#ff701a>87.64</color>でEN攻撃し（回避不可）、対象のAPとPPを2つずつ削る。<CR><LF>生存している敵が3体未満の場合、このスキルは発動しない
865	T	タツミヤ鉱を回収し、さらに<color=#ff701a>20%</color>分の鉱石を回収する事が出来たが、MGは<color=#00aab9>10%</color>のダメージを受けてしまった。
252	S	<size=40><color=#fa3c8c>ー属性についてー</color></size><CR><LF>属性はそれぞれ有利不利の関係が存在します。<CR><LF>敵の属性を見て有利属性のキャラクターを配置しましょう。
118	S	プレイヤーはキャラクター達を指揮する指揮官としてクエストを進行していきます。<CR><LF>メインクエストはこの世界の時間軸を表しており、指揮官とキャラクター達がメインクエストを通じて物語を進行していきます。<CR><LF>　
245	S	<line-height=2.000em>Nn～ Well, anything more is a waste of time, right? So then, let's get right to it—
251	S	<size=40><color=#fa3c8c>ーポジションについてー</color></size><CR><LF>バトル中のターゲットは前衛のユニットを基本的に優先します。タンクのキャラクターを前衛に配置しましょう。
253	T	<size=40><color=#fa3c8c>ーロールについてー</color></size><CR><LF>キャラクターは5つのロールに分けられています。<CR><LF>躓いた場合、それぞれの特性を意識して配置してみましょう。
681	T	<size=36>ノーマルライセンス</size><CR><LF>50個集めて使用するとSR以上の生徒が獲得できるアイテム。\\n<color=#0096ff>※提供割合：SR 90% / SSR 10%</color>
246	S	<line-height=2.000em>Eeeeeh!? You've gotta be kidding me!? No way～! We finally found Tatsumiya Ore, too～!
862	S	ただの沼かと思ったらどうやら酸性の沼のようだ！このままではＭＧにガタが来てしまう。しかし、沼にハマったタイミングでどうやらタツミヤ鉱を落としてしまったようだ。落としたタツミヤ鉱以外も沼の中にタツミヤ鉱が見えるが…
278	S	<line-height=2.000em>Even so, since we managed to find it, I really wanted to mine a bit more Tatsumiya Ore～!
285	S	<line-height=2.000em>Yeah, yeah! Maybe we just didn't know him, and there was a chance he was a student here～
242	S	<line-height=2.000em>Nn? Just now, the number of people who got into that MG... wasn't there one extra person～?
243	S	<line-height=2.000em>The sensor showed one extra person, you know? Keeping secrets is pretty sneaky, isn't it～?
929	S	<line-height=2.000em>Hey! What is this～～!! It's protein powder!! And I've never tasted anything so disgusting!!
544	T	メイズ200余裕持って来れたんで201行ったら即全滅…もしかして200までチュートリアルですか(絶望<space=1.5em>メイズ200余裕持って来れたんで201行ったら即全滅…もしかして200までチュートリアルですか(絶望
48	T	ターン開始時に発動。自分の最大HPを60%上昇させ（解除不可）、自身と自身以外の味方全体に対してダメージリンクを付与し、自身以外の味方が受けたダメージの50%を自身に転送する状態にする。<CR><LF>このスキルは戦闘中に1度しか発動しない
244	S	<line-height=2.000em>My, it really feels like things are about to explode～ We might not be able to escape this one?
281	S	<line-height=2.000em>Where to build the doghouse is a problem, though～ There aren't many places we can just use freely.
42	T	自身に付与されているダメージリンクバフを全て解除し、自身の攻撃力を5%上昇させる。さらに自身に対し「暑気」を付与する（解除不可）。<CR><LF>このスキルは、以下のいずれかの場合は発動しない<CR><LF>・自身のHPが50%以上の場合<CR><LF>・自身が「暑気」を所持している場合
292	S	<line-height=2.000em>When Xiaohua says things like that, she has an intensity that makes it feel like it'll actually happen～...
238	S	<line-height=2.000em>Maybe he's hiding something dangerous～? I mean, he's probably a criminal anyway, so why not just leave him be?
61	T	「失勢」が最も多い敵を優先し、敵横一列に1行動の暗闇を付与する。暗闇状態は41.66%の確率でスキルが命中しなくなる。<CR><LF>さらに自身が1回行動を終えるまでの間、対象の敵単体の攻撃力を25%、防御力を20%低下させる（重複可）。攻撃・防御デバフは自身が倒れると解除される
401	S	<line-height=2.000em>The more you dig, the more the students rake in～!<CR><LF>The more you hand over to the academy, the bigger your rewards!
105	T	メイズリザルトのチューンナップでは1日のスキル強化素材の交換上限数が設定されています。<CR><LF>スキル強化素材の交換上限数はエリアを進める事で拡張されていくため、最奥にチャレンジしてみましょう。<CR><LF><CR><LF>その他のコンテンツで勝利する事が出来なくなったらメイズ探索で能力アップしてみましょう。
240	S	<line-height=2.000em>Nn～... This is getting tedious. Why don't we just settle it with a fight? The strong one takes all. Simple logic, right?
291	S	<line-height=2.000em>Being held in high regard just meant I caused a ton of trouble for her～ If anything, wouldn't it have the opposite effect if I went?
283	S	<line-height=2.000em>Alrighty～! Everyone here stop right where you are～! If you move, we'll restrain you under the authority of the Disciplinary Committee～!
422	S	<size=38><line-height=65>中断方法を選択してください<CR><LF><CR><LF><color=#0096ff>探索終了</color><CR><LF>獲得した報酬の一部を獲得し探索を終了します<CR><LF><CR><LF><color=#0096ff>一時中断</color><CR><LF>再度メイズに入場することで続きから<CR><LF>プレイすることが可能です
37	T	最もHP割合が高い敵単体に対し、対象の現在HP×35%のENダメージを与える攻撃を行う。この攻撃によるダメージは自身の攻撃力×75%を上限とする。<CR><LF>さらに攻撃時点で自身にAPが残っていた場合、APを1消費して対象のAPを2削る。<CR><LF>自身にAPが残っていなかった場合、2行動の間対象の攻撃力を15%低下させる（重複可）
282	S	<line-height=2.000em>Well, it's basically like picking up a stray cat～ Ah, thinking about it that way, shouldn't Meru-chan, who found him, take responsibility?
54	T	Attacks nearest single enemy with 160 potency, then strikes other enemies 4 times with 31.25 potency (cannot crit). Grants self 「Good Luck」 for 1 action and res…
313	S	桃園める「ドジで純粋な未来のエース」 <size=30><color=#6a8181>@Meru_M</color><space=1.5em>桃園める「ドジで純粋な未来のエース」 <size=30><color=#6a8181>@Meru_M</color><space=1.5em>桃園める「ドジで純粋な未来のエース」…
382	S	月ヶ瀬ちゆる「紙一重なメイズオタク」 <size=30><color=#6a8181>@Chiyuru_T</color><space=1.5em>月ヶ瀬ちゆる「紙一重なメイズオタク」 <size=30><color=#6a8181>@Chiyuru_T</color><space=1.5em>月ヶ瀬ちゆる「紙一重なメ…
778	T	<size=40>親愛度 Lv.</size> <size=75>1</size>    <sprite name="right_arrow" color=#ff701a><sprite name="right_arrow" color=#ff701a><sprite name="right_arrow" color=…
969	T	<size=40>スキルレベル Lv.</size> <size=75>1</size>    <sprite name="right_arrow" color=#ff701a><sprite name="right_arrow" color=#ff701a><sprite name="right_arrow" col…
43	T	自身が「暑気」を所持していない場合、自身に対し1行動の間、最大HP×5%のシールドを付与する。さらに敵前列に対し1行動の間、与ダメージを5%減少させるデバフを付与する（重複可）。<CR><LF>自身が「暑気」を所持している場合、敵単体に威力15で5ヒットEN攻撃し、与えたダメージの40%分自身のHPを回復する。この攻撃によって敵を倒…
673	T	<size=40>30DAYジェムパス</size><CR><LF><size=30><size=24>購入時に有償ジェム×1,000と30日間、毎日無償ジェム×100（おまけ）が獲得できるパス\\n※30DAYジェムパスの有効期間中の重複購入はできません。購入から30日後の5:00以降に再度購入可能になります\\n※法令で定めがある場…
674	T	<size=40>30DAY生徒成長パス</size><CR><LF><size=30><size=24>購入時に有償ジェム×1,200と30日間、毎日補給物資×1（おまけ）が獲得できるパス\\n※30DAY生徒成長パスの有効期間中の重複購入はできません。購入から30日後の5:00以降に再度購入可能になります\\n※法令で定めがある場合…
157	T	<sprite name=sentence_blue> キャラクターごとに設定された提供割合に基づき、1回ごとに抽選を行います。複数回ガチャを引いた場合も、提供割合に基づき抽選を行います。<CR><LF><CR><LF>サーバーとの通信状況やその他の原因により、ガチャの演出がスキップされたり、演出が正常に表示されない場合がありますが、キャラクター…
51	T	自身の現在HPの10%を消費し、最もHPの低い味方単体のHPを消費分×235%分回復する。<CR><LF>さらに最もHP割合の低い敵単体と自身に対して自身が1回行動を終えるまでの間回復リンクを付与し、対象が得られる回復効果を100%自身に転送する状態にする。<CR><LF>このスキルは、以下のいずれかの場合には発動しない<CR><LF>・HPが70%未満の味方…
116	T	クエストをクリアするごとに次の上層クエストへと進んでいく、踏破型のクエストです。<CR><LF>各階層をクリアするごとに学園レベルアップに必要なアップグレードキットの獲得や、メインクエストと同様に5クエスト毎に採掘レベルを上げる事ができます。<CR><LF><CR><LF>属性バトルシミュレートは属性毎の学園レベルアップに必要な属性型のアップグレードキットも獲…
123	T	難易度ENDLESSは倒されないボスを相手にスコアを稼ぐチャレンジモードです。<CR><LF>ボスのHPを削り切ると、ボスは復活してHP100%の状態となり、戦闘を継続します。<CR><LF>復活時、ボスはその時点でかけられていた全てのバフ・デバフが解除され、ステータスが強化されます。<CR><LF>倒すほど強くなっていくボスを相手に最適な編成で挑み、高スコア…
126	S	メインクエストを進行する事でメインエピソードを間で閲覧することができますが、メインエピソードには「重要な選択肢」として指揮官の選択を迫られる箇所があります。<CR><LF><CR><LF>重要な選択肢は一度選ぶとその後に選択肢を変更する事が出来ないため、選択する際には過去ログ等を確認しつつ選択して下さい。<CR><LF>重要な選択肢の場面の選択はその後のエピソ…
228	T	<line-height=60%><size=36>ワールド05-05を選択しますか？</size><line-height=100%><CR><LF><CR><LF><size=30><color=#ff1c0b>※作成できるアカウント数は10アカウントまでです</color></size><CR><LF><size=30><color=#ff1c0b>※ア…
121	T	学園内の生徒達とバトルを通じたスコアアタック演習です。<CR><LF>難易度はNORMAL／HARD／EXPERT／LEGEND／ENDLESSの5段階。<CR><LF>相手ユニットのHP上限が設定されており、与えたダメージのHP割合に応じて報酬を獲得する事が出来ます。<CR><LF>HP割合100%に到達する事で１つ上の難易度に昇格する事が出来ます。<CR><LF>相手ユ…
158	T	<sprite name=sentence_blue> ガチャ名称<CR><LF>スタンダードガチャ<CR><LF><CR><LF><sprite name=sentence_pink> ガチャ説明<CR><LF>有償/無償ジェム・スタンダードガチャチケットを消費して利用できるガチャです。 <CR><LF> <CR><LF>【ガチャポイントについて】 <CR><LF>スタンダードガチャでは、ガチャ1回毎にスタンダー…
