# Round 9 worksheet: <index><TAB><S|T><TAB><class><TAB><source key as JSON>.
# class: new (not in the table), exists (re-translated on purpose this round), names/team (a label
# the client also resolves through translation/names/en.json), english (already English: authoring it
# would only add a value equal to its key, which the client drops), scene (a line of scene 10280101,
# translated in translation/scenes/10280101/en.json instead - keys must carry %usernameusernameuserna%,
# never a substituted player name).
1	T	new	"アンケートにご回答いただくと、報酬として<color=#0096ff>無償ジェム 1000個</color>を後日プレゼントいたします！"
2	T	exists	"2026/10/13 04:59まで"
3	S	exists	"ピコピコピーン！！\nすでに意識しているかもしれませんが、大切な事なので\n属性・タイプ・ロール、そして適性について説明します！"
4	S	exists	"キャラクターはそれぞれ属性を持っており、\n属性によって有利不利が存在します！"
5	S	exists	"まずは属性のボタンを押してみて下さい！"
6	S	exists	"キャラクターの属性がどの属性に有利かは\nこちらの表を確認して、編成を組むようにして下さい！"
7	S	new	"<color=#6a8181>MAIN:</color>コミカル"
8	S	new	"<color=#6a8181>MAIN:</color>クレバー属性に有利。"
9	T	exists	"キャラクターは3タイプのいずれかに分けられており\nタイプによって傾向が分かれています！"
10	S	exists	"次にタイプボタンを押して下さい！"
11	S	exists	"物理タイプはアタッカーやタンクの役割が多い傾向で\n前衛を得意とするキャラクターが多い傾向です！"
12	S	exists	"ENタイプはENアタッカーやサポート、コントロールの役割が多く\n後衛を得意とするキャラクターが多い傾向です！"
13	S	exists	"敏捷タイプはENタイプと違って\n物理アタッカー、サポートやコントロールの役割が多いのですが\n前衛／後衛どちらも得意とするキャラクターが多い傾向です！"
14	S	exists	"<size=40>物理タイプ</size>\n物理アタッカーやタンクの役割が多く\n前衛に適したポジション適性を持つ傾向。"
15	S	exists	"<size=40>ENタイプ</size>\nENアタッカーやサポート、\nコントロールの役割が多く\n後衛に適したポジション適性を持つ傾向。"
16	S	exists	"<size=40>敏捷タイプ</size>\n物理アタッカーやサポート、\nコントロールの役割が多く\n前衛／後衛どちらもポジション適性を持つ傾向。"
17	S	exists	"タイプはあくまで傾向なので、\n実際にロールとポジション適性を確認してみましょうね！"
18	T	exists	"キャラクターのロールは5つのロールに分けられており\nそれぞれに役割が割り振られています！"
19	S	exists	"次にロール（役割）のボタンを押して下さい！"
20	S	exists	"物理アタッカーは物理攻撃でダメージを出す事を得意としてます！\n攻撃は最大の防御といいますし、積極的に編成しましょう！"
21	S	exists	"ENアタッカーはEN攻撃でダメージを出す事を得意としてます！\n物理アタッカーと前後で組み合わせて\n火力重視の組み合わせをするのも一つの作戦です！！"
22	S	exists	"つづいてタンクはHPが多かったり防御が高かったりするので\n前衛に配置して敵からの攻撃から味方を守るのが得意です！\n編成に一人は入れておきたい存在です"
23	S	exists	"サポートは味方の強化や回復を得意としているので\n編成に合わせて必要なサポートを選びたいですね！"
24	S	exists	"コントロールは変わって敵に状態異常や妨害などを行います！\n火力だけで突破が難しいテクニカルな場面に最適です！"
25	S	exists	"<size=40>物理アタッカー</size>\n物理攻撃を扱いダメージを出すことに特化したロール"
26	S	exists	"<size=40>ENアタッカー</size>\nEN攻撃を扱いダメージを出すことに特化したロール"
27	S	exists	"<size=40>タンク</size>\n高い耐久力で攻撃を引き受け、味方を守ることに特化したロール"
28	S	exists	"<size=40>サポート</size>\n味方の強化や回復などを行う、支援に特化したロール"
29	S	exists	"<size=40>コントロール</size>\n状態異常や妨害などを行う、行動阻害に特化したロール"
30	S	exists	"一気に説明しちゃいましたけど、いつでも確認出来るので\n忘れちゃった時はまた見に来て下さいね！"
31	S	exists	"キャラクターによっては不得意なポジションがあるので\n編成で配置を決めるときは少し気を付けてあげて下さい！"
32	S	exists	"それでは最後にポジション適性についてです！"
33	T	exists	"不得意な列に配置するとステータスが少し下がってしまいます。\n5%なのでガクッと落ちるわけではありませんが、\n得意不得意はあるので、少し気にかけてあげて下さいね！"
34	S	exists	"これで属性・タイプ・ロール、適性については以上になります！\nキャラクター達を上手く編成して最強の部隊を目指しましょう！\nそれではまた何かあればボクに任せて下さいね！"
35	S	exists	"<size=100>前衛/後衛</size>"
36	S	exists	"前後列のどちらに配置しても\nステータスの変動がない"
37	S	exists	"使用"
38	T	exists	"<size=36>トレーニングレポート（1時間）</size>\n使用すると採掘（1時間分）のトレーニングレポートが獲得できるアイテム。"
39	S	exists	"以下のアイテムが手に入ります"
40	S	exists	"アイテムコンテナ使用"
41	T	exists	"<size=36>テクニカルレポート（1時間）</size>\n使用すると採掘（1時間分）のテクニカルレポートが獲得できるアイテム。"
42	S	exists	"テクニカルレポート"
43	T	exists	"<size=36>資金（1時間）</size>\n使用すると採掘（1時間分）の資金が獲得できるアイテム。"
44	S	exists	"資金"
45	S	exists	"<line-height=2.000em>ステージクリアで獲得するライセンスを使ってキャラをゲット。\\nさらにクリアで指揮官ランク・採掘レベルが上がります。"
46	T	exists	"交換期間あと6日7時間"
47	S	exists	"<sprite name=wing_blue_left>編成一覧<sprite name=wing_blue_right>"
48	T	new	"<noparse>編成1</noparse>"
49	T	exists	"編成1​"
50	T	new	"<noparse>編成2</noparse>"
51	T	exists	"編成2​"
52	T	new	"<noparse>編成3</noparse>"
53	T	exists	"編成3​"
54	T	new	"<noparse>編成4</noparse>"
55	T	exists	"編成4​"
56	T	new	"<noparse>編成5</noparse>"
57	T	exists	"編成5​"
58	T	new	"<noparse>編成6</noparse>"
59	T	exists	"編成6​"
60	S	exists	"<sprite name=wing_blue_left> 部隊を自動で編成しました <sprite name=wing_blue_right>"
61	S	new	"<line-height=2.000em>Well, if you wanna treat me to something as a token of your appreciation, Rami will gladly accept without holding back～?"
62	S	exists	"エクストラスキル"
63	S	exists	"消費ポイント"
64	S	exists	"敵"
65	S	exists	"単体"
66	S	new	"ももぞのめる"
67	S	new	"<line-height=2.000em>Guess I got no choice～ I'll win one for Meru too."
68	S	new	"<line-height=2.000em>Tch, lame～ Oh well, guess I'll at least teach you the trick to it."
69	S	new	"<line-height=2.000em>And she still messes up all the time now～"
70	S	new	"<line-height=2.000em>Well, if you <i>insist</i> on hearing it, I <i>guess</i> I could tell you～"
71	S	new	"<line-height=2.000em>Hallo-hallo, good day～! Nice to meet'cha～! ...Wait, who were you again?"
72	S	new	"<line-height=2.000em>Ah～, maybe that was it? If I recall... Hiiragi Building's 'Sponsored Rich-Girl Team'... right!"
73	S	new	"<line-height=2.000em>...Heh? You've got quite the mouth on you～! I might actually like that!"
74	S	new	"<line-height=2.000em>Byebye～!"
75	T	exists	"残り時間：あと23時間59分49秒"
76	T	exists	"残り時間：あと23時間59分48秒"
77	T	exists	"※有償ジェム以外のアイテムは、すべておまけとして付属します\n※有償ジェムの使用期限は購入日の翌朝04:59から150日となります"
78	S	exists	"フラッシュセール"
79	S	exists	"今だけ購入できるお得な商品を用意しました！"
80	S	exists	"スタンダードガチャチケットがおまけで付いてくる！"
81	S	exists	"特商法/資金決済法"
82	T	exists	"残り時間：あと23時間59分47秒"
83	T	exists	"残り時間：あと23時間59分46秒"
84	T	exists	"残り時間：あと23時間59分45秒"
85	T	exists	"残り時間：あと23時間59分44秒"
86	S	exists	"課外活動の解放条件を満たしました！"
87	S	exists	"メインクエストHARDの解放条件を満たしました！"
88	S	exists	"【課外活動】が解放されました！"
89	S	exists	"メモリーの解放条件を満たしました！"
90	S	exists	"<line-height=2.000em>潜る度にランダムな構成の戦闘とイベントで進行します。\\nキャラクターのスキルレベル成長アイテムを獲得できます。"
91	S	exists	"イベントの解放条件を満たしました！"
92	S	new	"<noparse>指揮官</noparse>"
93	S	new	"<noparse>のん</noparse>"
94	S	new	"<noparse>クール</noparse>"
95	S	exists	"<line-height=2.000em>編成を最適化して、高スコアを狙おう。\\n戦術演習記録を集めて交換所でモジュール強化素材を獲得しよう。"
96	S	exists	"<line-height=2.000em>隙間時間を使って様々なアイテムを獲得しよう。\\n毎日活動する事を忘れずに！"
97	S	exists	"<line-height=2.000em>学園内の生徒たちと共に挑む一大作戦。\\n全ワールドの指揮官たちと協力して数々のボスを制圧しよう！"
98	S	exists	"活動時間"
99	T	exists	"30分"
100	T	exists	"60分"
101	S	exists	"<sprite name=wing_blue_left>課外活動<sprite name=wing_blue_right>"
102	S	exists	"一括受取"
103	S	exists	"一括活動"
104	S	exists	"<sprite name=wing_blue_left>課外一括活動<sprite name=wing_blue_right>"
105	S	exists	"<sprite name=wing_blue_left> 課外活動を開始しました <sprite name=wing_blue_right>"
106	S	exists	"残り時間"
107	S	exists	"ピコピコーン！　マスター！　準備はできていますか！？\nイザナミを『倒す』ために、『八咫烏』本体を叩きたいところですが……"
108	S	exists	"まずはマスドライバーを襲撃する『天津甕星』の攻撃を防ぐことからです！\nどの『天津甕星』を狙うかはマスターにお任せしますね！"
109	S	exists	"選んだ『天津甕星』と戦っている時は、他の『天津甕星』と戦えませんのでご注意を！\n一定期間が経ってフェーズが切り替わると、他の『天津甕星』と戦えるようになりますよ！"
110	S	exists	"ザルトゥーム総力戦"
111	T	exists	"参加率: <size=40>70</size><size=32>%</size>"
112	T	exists	"参加率: <size=40>60</size><size=32>%</size>"
113	S	exists	"全体報酬"
114	S	exists	"それではマスター！　イザナミを倒すために……\n『天津甕星』へと挑んでいきましょう！"
115	T	new	"このイベントは9章までのネタバレを含みます\n本当にイベントに参加しますか？"
116	T	new	"報酬受取期間：2026/10/06 04:59まで"
117	S	new	"ミッション\n未開催"
118	S	names	"ドロテア"
119	S	team	"<color=#dddf9d>ピクシス・マスール</color>"
120	S	scene	"<line-height=2.000em>わたくし達が……最初から使い捨て前提で、\n資源集めのために生み出された存在……？"
121	S	names	"コトハ"
122	S	team	"双頭の斧"
123	S	scene	"<line-height=2.000em>ちきゅう？　人類の末裔？　あまつかぜ……？　そんなわけの\nわからないやつらに、搾取されるために私達は生まれたっていうの！？"
124	S	scene	"<line-height=2.000em>意外にもコトハと同様、\n一番怒り出しそうなラミが落ち着いた声で言った。"
125	S	scene	"<line-height=2.000em>でもさ、別に知らないところで、勝手に未来を決められてても、\nラミ達はそれに従う義理も義務もないし。無視するだけっしょ。"
126	S	scene	"<line-height=2.000em>正直『だから何』だと思うんだよね。自分の生まれるずっと前が\nどうだからって、今のラミ達の在り方が変わるわけじゃないし。"
127	S	scene	"<line-height=2.000em>ラミ達のことはラミ達で決める！　これからどうするかはラミ達で\n決めるの！　他人が干渉すんな！　以上！　……的な？"
128	S	scene	"<line-height=2.000em>……フッ。それもそうね。まさかあんたみたいな、\nメスガキに言われるとは思わなかったわ。"
129	S	scene	"<line-height=2.000em>はぁ！？　誰がメスガキだ、コラァ！　<noparse>Andrew</noparse>に\nデレデレの尻尾フリフリプライドクソ雑魚ワンコに言われたくない！"
130	S	names	"クラウディア"
131	S	team	"<color=#d5efd1>ユニティエッジ</color>"
132	S	scene	"<line-height=2.000em>プライドクソ雑魚ワンコ！？　誰が犬よ！？\nあんたのほうが、イザナミよりも腹立ってきた！"
133	S	scene	"<line-height=2.000em>奇遇じゃん！　ラミもあのクソＡＩより、お前のほうがムカつく！\nイザナミぶっ倒す前に、あんたと決着つけてやろーか！？　あん！？"
134	S	names	"ファルファッラ"
135	S	names	"エレーナ"
136	S	team	"<color=#c1a3a3>クラスナ</color>"
137	S	exists	"七彩"
138	S	scene	"<line-height=2.000em>でも実際ラミさんの言うとおりですわね。確かに衝撃的ではありますが、\nじゃあそのイザナミの思い通りになろうだなんて微塵も思いません。"
139	S	exists	"白奈"
140	S	exists	"ちゆる"
141	S	scene	"<line-height=2.000em>だね。誰にも譲る気はない。イザナミの目的はあたし達の目的と\nイコールじゃない。生み出された理由なんて、関係ないよ。"
142	S	exists	"める"
143	S	scene	"<line-height=2.000em>私もそう思います。でも、だからこそ、そんな道具のように\n命を弄ぶイザナミは、やっぱり止めないといけません。"
144	S	scene	"<line-height=2.000em>そのとおりですね。よりイザナミと決着をつける決意が、\n固まったような気がします。"
145	S	scene	"<line-height=2.000em>つか、『資源の回収のために』とか以前に、\n話が壮大になりすぎてついてけないんだけど……"
146	S	team	"<color=#89f4f3>風紀委員会</color>"
147	S	scene	"<line-height=2.000em>つまりは学園とかで習った進化云々とか全部嘘で、\nご先祖サマとかは、みんなイザナミに生み出されたってことだよね？"
148	S	names	"カリナ"
149	S	scene	"<line-height=2.000em><noparse>Andrew</noparse>……？"
150	S	scene	"<line-height=2.000em>みんなの先祖はアマツカゼに積まれていた凍結受精卵と、\n遺伝子データのライブラリが元になってるんだ。"
151	S	scene	"<line-height=2.000em><noparse>Andrew</noparse>さん……？　突然何を……"
152	S	scene	"<line-height=2.000em>移民船といえど乗せられる数には限界がある。……入植後、乗組員だけで\n子孫を増やせば、遺伝的多様性が不足する恐れがあった。"
153	S	scene	"<line-height=2.000em>……それを補うため、アマツカゼには『人類遺伝資産ライブラリ』\nというものが積み込まれていたんだ。"
154	S	scene	"<line-height=2.000em><noparse>Andrew</noparse>さん、今のは――"
155	S	names	"ジュリー"
156	S	team	"<color=#ffca96>プレ・クラス－Ａ</color>"
157	S	names	"この場の一同"
158	S	scene	"<line-height=2.000em>……さっきピコからあの『船』のことを聞いた瞬間、すべてな。\nまだ実感というか、自分の体験として飲み込めてないが……"
159	S	scene	"<line-height=2.000em>俺は、恒星間移民船『アマツカゼ』の……\n乗組員だった。"
160	S	scene	"<line-height=2.000em>俺はザルトゥーム島じゃない別の場所から、\nイザナミや多くの仲間とともにやってきたんだ。"
161	S	scene	"<line-height=2.000em>でも、正直思い出せて嬉しいものではなかった。\nようやく思い出せたというのに。なぜなら――"
162	S	names	"翠蘭"
163	S	team	"<color=#e4a8a5>カオスメイデン</color>"
164	S	scene	"<line-height=2.000em>待ってください。<noparse>Andrew</noparse>さんが\nあの乗り物の……？　話を聞くに、あれは１万年前のものですよね？"
165	S	team	"<color=#b6e5cc>トレブルクインテット</color>"
166	S	scene	"<line-height=2.000em>そうです、そうです！　<noparse>Andrew</noparse>さんが、\nガチでヤバたんな年齢ってことなりますけど……！"
167	S	scene	"<line-height=2.000em>コールドスリープという人体を冷凍睡眠状態にし、\n老化を防止しつつ長期保存する技術があるんだ。"
168	S	names	"フルート"
169	S	scene	"<line-height=2.000em>……その話を聞いて、ひとつ、腑に落ちたことがあります。\n私は彼を学園へ受け入れた際、徹底的に調査しました。"
170	S	scene	"<line-height=2.000em>つまり故郷を追われた『地球人』とかいう、\n共通の祖先を持つことになるのは間違いない。"
171	S	scene	"<line-height=2.000em>……ですが、<noparse>Andrew</noparse>さんと私達には、\nたったひとつだけ決定的な違いがありました。"
172	S	scene	"<line-height=2.000em>身体を構成する炭素原子──その放射性同位体の構成比。\nそれが、まるで違ったのです。"
173	S	names	"ミリアム"
174	S	scene	"<line-height=2.000em>…………ねえ、ハリィ。何の話してるかわかる……？\nあまつかぜ……？　って何？"
175	S	names	"ハリエット"
176	S	scene	"<line-height=2.000em>いや、もうそれほぼ最初から説明がいるやつじゃないですか……\nまあ、私も半分くらい置いてかれてますけど。"
177	S	names	"リュシー"
178	S	names	"ケイト"
179	S	scene	"<line-height=2.000em>炭素の同位体比率って、その生態系で食物連鎖を通じて受け継がれる。\nつまりザルトゥーム島で育てば、その値は一定の範囲に収まるのよ。"
180	S	scene	"<line-height=2.000em>だから例えば、私とそこのメスガキは全然違う生活を\nしているでしょうけど、その数値に大きく差は出ないわ。"
181	S	scene	"<line-height=2.000em>えっと、要するに……生態系の炭素同位体比は、\n突き詰めれば土地自体に含まれる炭素同位体比を反映しています。"
182	S	scene	"<line-height=2.000em>ですが、<noparse>Andrew</noparse>さんだけ、\nその値が明らかに私達の範囲から外れていました。"
183	S	scene	"<line-height=2.000em>私達はザルトゥーム島しか世界を知らない。そんなところに、\nまるで島とは別の環境で生きてきたような人間が見つかったわけ。"
184	S	scene	"<line-height=2.000em>そのため、私とコトハはこう考えていました。\nこの人は『この世界の外側』から来たのではないか、と──"
185	S	names	"小花"
186	S	scene	"<line-height=2.000em>つまり……同じ遺伝子なのに、身体を成り立たせている材料が違う。\n本当にあんたの生まれ育った環境はこことは違ったのね。"
187	S	scene	"<line-height=2.000em>なんだか現実味がありませんね……初めてお会いしたときも、\n私達とは『違う』ことは全然わかりませんでした。"
188	S	scene	"<line-height=2.000em>違うとは言っても、生まれ育った環境程度よ。\n生物としては同じだと思うわ。わからなくても不思議じゃない。"
189	S	scene	"<line-height=2.000em>ひとつ気になることがあるんです。初めてお会いしたとき、\n<noparse>Andrew</noparse>さんは仰ってましたわ。"
190	S	scene	"<line-height=2.000em>結局この言葉はイザナミが資源を横取りすることで、わたくし達の社会が\n立ち行かなくなることを指している……で合っていたのでしょうか。"
191	S	scene	"<line-height=2.000em>というのも、確かにイザナミの横取りによる資源の枯渇は、\nザルトゥーム文明の極端な衰退に繋がります。"
192	S	scene	"<line-height=2.000em>きっと人類も今の数を維持するのは難しく、数を減らすでしょう。\nとても辛く、悲しい未来が待っています。"
193	S	scene	"<line-height=2.000em>ですが、極論……文明レベルを原始時代に落とせば、\n生きながらえることだけは可能なのではとも思っているんです。"
194	S	scene	"<line-height=2.000em>はい。ただ、<noparse>Andrew</noparse>さんがあえて、\nそうした表現をしたとも考えられますが……"
195	S	names	"ロージー"
196	S	scene	"<line-height=2.000em>もしかして、さっきピコの言ってた\n『災厄』……だっけ？　それと関係あるんじゃない？"
197	S	scene	"<line-height=2.000em>『私の破壊はオススメしない』\n『むしろこの世界にとって取り返しのつかないことになる』って。"
198	S	names	"タチアナ"
199	S	names	"アニス"
200	S	scene	"<line-height=2.000em>あら……ってことは、もしかしてあたし達がまだ気づいていない――\n資源の枯渇だけじゃない、別の世界の危機もあるってことかしら？"
201	S	names	"ノエル"
202	S	scene	"<line-height=2.000em>『使い捨て』――これって、単に文明の破綻だけじゃなくて、\nもっとまずい意味が含まれているということ？"
203	S	names	"泉花"
204	S	team	"<color=#d2c6ed>カラフルブーケ</color>"
205	S	scene	"<line-height=2.000em>記憶を取り戻した<noparse>Andrew</noparse>さんなら、\n何か知っているのでは……？"
206	S	scene	"<line-height=2.000em><noparse>Andrew</noparse>さん……\nアマツカゼの修復が終わったとき、私達はどうなるのですか？"
207	S	scene	"<line-height=2.000em>最初に言っておくと、俺が以前言ったその言葉と『災厄』という存在、\nそしてイザナミの言う『取り返しのつかないこと』は全部別件だ。"
208	S	names	"葵"
209	S	names	"うるう"
210	S	scene	"<line-height=2.000em>複雑でごめん、みんな。\nまずイザナミを『倒す』というのは――"
211	S	exists	"エネルギーカートリッジ"
212	S	exists	"ブーストカートリッジ"
213	S	new	"ガチャや交換所などで使用できる通貨。"
214	S	new	"桃園める[ドジで純粋な未来のエース]のスタイルカード"
215	S	new	"<size=36>スキップしますか？"
216	S	new	"イベント\nデイリー"
217	S	new	"イベント交換所"
218	S	new	"ピックアップガチャチケット"
219	T	new	"ピックアップガチャを引くことができるアイテム。\\n生徒を1人スカウトすることができる。"
220	T	exists	"残り 6日7時間"
221	S	new	"エピソード公開イベント"
222	S	new	"ピックアップガチャチケット<space=1.5em>ピックアップガチャチケット"
223	T	exists	"残り:10/10"
224	S	new	"クレバースキルレポートⅡ"
225	S	exists	"シャイスキルレポートⅡ"
226	S	new	"アグレッシブスキルレポートⅡ<space=1.5em>アグレッシブスキルレポートⅡ"
227	T	new	"所持数：0"
228	T	new	"交換回数：10/10"
229	S	new	"<sprite name=wing_blue_left>交換確認<sprite name=wing_blue_right>"
230	S	new	"交換"
231	T	new	"所持数：10"
232	S	exists	"スマートスキルレポートⅡ"
233	T	new	"所持数：13"
234	T	new	"所持数：23"
235	S	exists	"ENアタッカー"
236	S	exists	"ピコーン！！マスター！！\nウィッシュリストが解放されましたのでさっそく見てみましょう！"
237	S	exists	"ウィッシュリストの解放条件を満たしました！"
238	S	exists	"ウィッシュリストは、ガチャから排出される生徒を絞ることができますよ！"
239	T	exists	"アグレッシブ・スマート・シャイ・キュートの4属性は、4スロットずつ生徒を設定することができます！"
240	T	exists	"コミカル・クレバーの2属性は、1スロットずつ生徒を設定することができます！\n狙いの生徒を積極的に設定していきましょう！"
241	T	exists	"残り:6/6"
242	S	new	"キュートスキルレポートⅡ"
243	T	exists	"残り:4/4"
244	S	exists	"物理タイプアップグレードキット<space=1.5em>物理タイプアップグレードキット"
245	T	exists	"残り:2/2"
246	S	exists	"ENタイプアップグレードキット<space=1.5em>ENタイプアップグレードキット"
247	T	exists	"残り:1/1"
248	T	exists	"残り:12/12"
249	S	exists	"敏捷タイプアップグレードキット<space=1.5em>敏捷タイプアップグレードキット"
250	S	exists	"アグレッシブアップグレードキット<space=1.5em>アグレッシブアップグレードキット"
251	S	exists	"スマートアップグレードキット<space=1.5em>スマートアップグレードキット"
252	S	exists	"シャイアップグレードキット<space=1.5em>シャイアップグレードキット"
253	S	exists	"キュートアップグレードキット<space=1.5em>キュートアップグレードキット"
254	S	exists	"コミカルアップグレードキット<space=1.5em>コミカルアップグレードキット"
255	S	exists	"クレバーアップグレードキット<space=1.5em>クレバーアップグレードキット"
256	T	exists	"テクニカルレポート（1時間）<space=1.5em>テクニカルレポート（1時間）"
257	T	exists	"残り:15/15"
258	S	exists	"物理タイプモジュール設計書<space=1.5em>物理タイプモジュール設計書"
259	S	exists	"ENタイプモジュール設計書<space=1.5em>ENタイプモジュール設計書"
260	S	exists	"敏捷タイプモジュール設計書<space=1.5em>敏捷タイプモジュール設計書"
261	S	exists	"交換制限なし"
262	T	exists	"残り:0/10"
